So lan s√≥ng dien bang 0 cua tung san pham,Gia Tri Trung Binh
10,9.25
12,9.25
8,9.25
8,9.25
6,9.25
10,9.25
12,9.25
11,9.25
7,9.25
9,9.25
7,9.25
11,9.25
9,9.25
7,9.25
7,9.25
12,9.25
9,9.25
9,9.25
11,9.25
13,9.25
9,9.25
15,9.25
10,9.25
10,9.25
12,9.25
10,9.25
12,9.25
10,9.25
8,9.25
10,9.25
9,9.25
11,9.25
10,9.25
10,9.25
6,9.25
10,9.25
9,9.25
5,9.25
6,9.25
6,9.25
10,9.25
13,9.25
8,9.25
5,9.25
10,9.25
8,9.25
8,9.25
8,9.25
11,9.25
11,9.25
11,9.25
9,9.25
5,9.25
6,9.25
12,9.25
12,9.25
8,9.25
9,9.25
8,9.25
11,9.25
5,9.25
8,9.25
8,9.25
8,9.25
9,9.25
8,9.25
10,9.25
10,9.25
9,9.25
8,9.25
12,9.25
10,9.25
13,9.25
4,9.25
8,9.25
9,9.25
5,9.25
9,9.25
7,9.25
8,9.25
9,9.25
9,9.25
7,9.25
11,9.25
9,9.25
10,9.25
8,9.25
12,9.25
6,9.25
14,9.25
12,9.25
6,9.25
13,9.25
6,9.25
5,9.25
11,9.25
7,9.25
7,9.25
10,9.25
10,9.25
